{
  "experiment": "leaf_angle_distribution_comparison",
  "distributions": {
    "Verhoef: Planophile": {
      "family": "Verhoef (1998)",
      "params": {
        "a": 1.0,
        "b": 0.0
      },
      "lidf": [
        0.7273443821904673,
        0.1269096420474276,
        0.06589705749624142,
        0.037874102054410774,
        0.02190796014521479,
        0.012002027723276076,
        0.005751638253806979,
        0.002029405913918536,
        0.00013880717140490884,
        8.392272847301818e-05,
        4.2985442248011374e-05,
        1.5816668621826402e-05,
        2.2521644887918413e-06
      ],
      "angles_deg": [
        5.0,
        15.0,
        25.0,
        35.0,
        45.0,
        55.0,
        65.0,
        75.0,
        81.0,
        83.0,
        85.0,
        87.0,
        89.0
      ]
    },
    "Verhoef: Erectophile": {
      "family": "Verhoef (1998)",
      "params": {
        "a": -1.0,
        "b": 0.0
      },
      "lidf": [
        0.00028378417523651023,
        0.0020294059139186194,
        0.0057516382538068365,
        0.012002027723276206,
        0.021907960145215014,
        0.0378741020544104,
        0.06589705749624154,
        0.12690964204742744,
        0.04115844996763285,
        0.05181791017181836,
        0.06942676439357504,
        0.10627710216385922,
        0.45866415549358197
      ],
      "angles_deg": [
        5.0,
        15.0,
        25.0,
        35.0,
        45.0,
        55.0,
        65.0,
        75.0,
        81.0,
        83.0,
        85.0,
        87.0,
        89.0
      ]
    },
    "Verhoef: Plagiophile": {
      "family": "Verhoef (1998)",
      "params": {
        "a": 0.0,
        "b": -1.0
      },
      "lidf": [
        0.0011565950445775648,
        0.008876829768607332,
        0.029891032902712323,
        0.09640335236872494,
        0.7273443798307556,
        0.09640335236872488,
        0.029891032902712555,
        0.008876829768607375,
        0.0005697576018388606,
        0.0003409835296422914,
        0.00017336541118029292,
        6.345408536068131e-05,
        9.034416555309122e-06
      ],
      "angles_deg": [
        5.0,
        15.0,
        25.0,
        35.0,
        45.0,
        55.0,
        65.0,
        75.0,
        81.0,
        83.0,
        85.0,
        87.0,
        89.0
      ]
    },
    "Verhoef: Extremophile": {
      "family": "Verhoef (1998)",
      "params": {
        "a": 0.0,
        "b": 1.0
      },
      "lidf": [
        0.4271270125570175,
        0.051885579337256016,
        0.01695499668876349,
        0.0038905193293446994,
        0.00028378417523655664,
        0.0038905193293448104,
        0.016954996688763546,
        0.051885579337255794,
        0.019952580637334072,
        0.02655233336874452,
        0.037529133968543404,
        0.06062234401608224,
        0.28247062056631334
      ],
      "angles_deg": [
        5.0,
        15.0,
        25.0,
        35.0,
        45.0,
        55.0,
        65.0,
        75.0,
        81.0,
        83.0,
        85.0,
        87.0,
        89.0
      ]
    },
    "Verhoef: Spherical": {
      "family": "Verhoef (1998)",
      "params": {
        "a": -0.35,
        "b": -0.15
      },
      "lidf": [
        0.037891833294514,
        0.04321694580905298,
        0.05490877079716919,
        0.07525964296646726,
        0.10741859048906327,
        0.14983498321264194,
        0.1813652548801094,
        0.18082511218956843,
        0.034580815213877014,
        0.03411370686491999,
        0.033742775409016046,
        0.033486245176710394,
        0.03335532369689009
      ],
      "angles_deg": [
        5.0,
        15.0,
        25.0,
        35.0,
        45.0,
        55.0,
        65.0,
        75.0,
        81.0,
        83.0,
        85.0,
        87.0,
        89.0
      ]
    },
    "Verhoef: Uniform": {
      "family": "Verhoef (1998)",
      "params": {
        "a": 0.0,
        "b": 0.0
      },
      "lidf": [
        0.1111111111111111,
        0.1111111111111111,
        0.1111111111111111,
        0.1111111111111111,
        0.11111111111111116,
        0.11111111111111105,
        0.11111111111111116,
        0.11111111111111105,
        0.022222222222222254,
        0.022222222222222254,
        0.022222222222222254,
        0.022222222222222143,
        0.022222222222222254
      ],
      "angles_deg": [
        5.0,
        15.0,
        25.0,
        35.0,
        45.0,
        55.0,
        65.0,
        75.0,
        81.0,
        83.0,
        85.0,
        87.0,
        89.0
      ]
    },
    "Campbell: alpha=10 (planophile)": {
      "family": "Campbell (1990)",
      "params": {
        "alpha": 10.0
      },
      "lidf": [
        0.5309946772238088,
        0.27948687307535225,
        0.08956521280007468,
        0.03764573807937183,
        0.019551674313814767,
        0.01176900444439733,
        0.00789465049822707,
        0.005760792540210743,
        0.004502922068836245,
        0.00373221570419962,
        0.0032581497006393565,
        0.002982599960449117,
        0.002855489590618091
      ],
      "angles_deg": [
        5.0,
        15.0,
        25.0,
        35.0,
        45.0,
        55.0,
        65.0,
        75.0,
        81.0,
        83.0,
        85.0,
        87.0,
        89.0
      ]
    },
    "Campbell: alpha=30": {
      "family": "Campbell (1990)",
      "params": {
        "alpha": 30.0
      },
      "lidf": [
        0.07912389924536199,
        0.17300907543666905,
        0.17313911456198303,
        0.13716347186341246,
        0.10188030519457668,
        0.07589395262379427,
        0.05818758019017219,
        0.046327082308093015,
        0.03838571928269811,
        0.03308957192278906,
        0.02964327261774461,
        0.027567016478922367,
        0.026589938273783188
      ],
      "angles_deg": [
        5.0,
        15.0,
        25.0,
        35.0,
        45.0,
        55.0,
        65.0,
        75.0,
        81.0,
        83.0,
        85.0,
        87.0,
        89.0
      ]
    },
    "Campbell: alpha=57 (spherical)": {
      "family": "Campbell (1990)",
      "params": {
        "alpha": 57.0
      },
      "lidf": [
        0.008526994030239023,
        0.02527279920112937,
        0.04113170555220143,
        0.0556290293545299,
        0.06843701988825517,
        0.07938781925133409,
        0.08845901483499875,
        0.09574052633336219,
        0.1013934558925255,
        0.10560982880544095,
        0.10857873382107079,
        0.11046098763385458,
        0.11137208540105825
      ],
      "angles_deg": [
        5.0,
        15.0,
        25.0,
        35.0,
        45.0,
        55.0,
        65.0,
        75.0,
        81.0,
        83.0,
        85.0,
        87.0,
        89.0
      ]
    },
    "Campbell: alpha=70": {
      "family": "Campbell (1990)",
      "params": {
        "alpha": 70.0
      },
      "lidf": [
        0.001350713071679216,
        0.00420306575433481,
        0.007537330399964284,
        0.011778947086314027,
        0.01753519518555493,
        0.025720479172304137,
        0.03772713918140842,
        0.0556024047639207,
        0.0820281547710599,
        0.1194929744616377,
        0.16752318162010238,
        0.2177325481466956,
        0.25176786638502374
      ],
      "angles_deg": [
        5.0,
        15.0,
        25.0,
        35.0,
        45.0,
        55.0,
        65.0,
        75.0,
        81.0,
        83.0,
        85.0,
        87.0,
        89.0
      ]
    },
    "Campbell: alpha=85 (erectophile)": {
      "family": "Campbell (1990)",
      "params": {
        "alpha": 85.0
      },